name:ID,aircraft,:LABEL
1,F-35“闪电II”,F-35“闪电II”
2,苏-30/苏-33“侧卫” 制空战斗机和对地攻击机,苏-30/苏-33“侧卫” 制空战斗机和对地攻击机
3,西飞轰-6中型轰炸机,西飞轰-6中型轰炸机
4,三菱支线喷气客机,三菱支线喷气客机
5,苏霍伊“超级喷机-100”支线客机,苏霍伊“超级喷机-100”支线客机
6,波音777双发涡轮风扇远程客机,波音777双发涡轮风扇远程客机
7,歼-16战机,歼-16战机
8,图-154MD电子战飞机	,图-154MD电子战飞机	
9,运-20,运-20
10,歼-20战斗机,歼-20战斗机
name:ID,aircraft,:LABEL
1,歼-20战斗机,歼-20战斗机
2,F-35“闪电II”,F-35“闪电II”
3,苏-30/苏-33“侧卫” 制空战斗机和对地攻击机,苏-30/苏-33“侧卫” 制空战斗机和对地攻击机
4,西飞轰-6中型轰炸机,西飞轰-6中型轰炸机
5,三菱支线喷气客机,三菱支线喷气客机
6,苏霍伊“超级喷机-100”支线客机,苏霍伊“超级喷机-100”支线客机
7,波音777双发涡轮风扇远程客机,波音777双发涡轮风扇远程客机
8,歼-16战机,歼-16战机
9,图-154MD电子战飞机	,图-154MD电子战飞机	
10,运-20,运-20
name:ID,aircraft,:LABEL
1,歼-20战斗机,歼-20战斗机
2,F-35“闪电II”,F-35“闪电II”
3,苏-30/苏-33“侧卫” 制空战斗机和对地攻击机,苏-30/苏-33“侧卫” 制空战斗机和对地攻击机
4,西飞轰-6中型轰炸机,西飞轰-6中型轰炸机
5,三菱支线喷气客机,三菱支线喷气客机
6,苏霍伊“超级喷机-100”支线客机,苏霍伊“超级喷机-100”支线客机
7,波音777双发涡轮风扇远程客机,波音777双发涡轮风扇远程客机
8,歼-16战机,歼-16战机
9,图-154MD电子战飞机	,图-154MD电子战飞机	
10,运-20,运-20
11,直-9,直-9
12,FC-1“枭龙”/JF-17“雷电”多用途攻击机,FC-1“枭龙”/JF-17“雷电”多用途攻击机
13,运-9运输机,运-9运输机
14,P-3“猎户座” 海上巡逻和反潜战飞机,P-3“猎户座” 海上巡逻和反潜战飞机
15,运-8J海上警戒机,运-8J海上警戒机
16,教练-8/K-8“喀喇昆仑山”,教练-8/K-8“喀喇昆仑山”
17,“新舟”60涡桨支线飞机	,“新舟”60涡桨支线飞机	
18,歼-31战斗机,歼-31战斗机
19,40F双座水上教练机	,40F双座水上教练机	
20,贝尔OH-58侦察直升机,贝尔OH-58侦察直升机
name:ID,aircraft,:LABEL
1,歼-20战斗机,歼-20战斗机
2,F-35“闪电II”,F-35“闪电II”
3,苏-30/苏-33“侧卫” 制空战斗机和对地攻击机,苏-30/苏-33“侧卫” 制空战斗机和对地攻击机
4,西飞轰-6中型轰炸机,西飞轰-6中型轰炸机
name:ID,aircraft,:LABEL
1,歼-20战斗机,歼-20战斗机
2,直-10 ,直-10 
3,F-35“闪电II”,F-35“闪电II”
4,苏-30/苏-33“侧卫” 制空战斗机和对地攻击机,苏-30/苏-33“侧卫” 制空战斗机和对地攻击机
5,西飞轰-6中型轰炸机,西飞轰-6中型轰炸机
6,三菱支线喷气客机,三菱支线喷气客机
7,苏霍伊“超级喷机-100”支线客机,苏霍伊“超级喷机-100”支线客机
8,波音777双发涡轮风扇远程客机,波音777双发涡轮风扇远程客机
9,歼-16战机,歼-16战机
10,图-154MD电子战飞机	,图-154MD电子战飞机	
11,运-20,运-20
12,直-9,直-9
13,FC-1“枭龙”/JF-17“雷电”多用途攻击机,FC-1“枭龙”/JF-17“雷电”多用途攻击机
14,运-9运输机,运-9运输机
15,LCA战斗机,LCA战斗机
16,苏-27战斗机,苏-27战斗机
17,P-3“猎户座” 海上巡逻和反潜战飞机,P-3“猎户座” 海上巡逻和反潜战飞机
18,运-8J海上警戒机,运-8J海上警戒机
19,教练-8/K-8“喀喇昆仑山”,教练-8/K-8“喀喇昆仑山”
20,“新舟”60涡桨支线飞机	,“新舟”60涡桨支线飞机	
21,波音787宽体客机,波音787宽体客机
22,P-8“海神”反潜巡逻机,P-8“海神”反潜巡逻机
23,歼-31战斗机,歼-31战斗机
24,40F双座水上教练机	,40F双座水上教练机	
25,贝尔OH-58侦察直升机,贝尔OH-58侦察直升机
26,39-A双翼飞机,39-A双翼飞机
27,H-53E“超级种马/海龙”重型多功能直升机,H-53E“超级种马/海龙”重型多功能直升机
28,F-16“战隼”,F-16“战隼”
29,麦克唐纳F-15E“打击鹰” 双座双发打击战斗机,麦克唐纳F-15E“打击鹰” 双座双发打击战斗机
30,A3D/A-3“空中战士”,A3D/A-3“空中战士”
31,米-171直升机,米-171直升机
32,F-15鹰式战斗机,F-15鹰式战斗机
33,中航工业哈飞 运-12 支线客机,中航工业哈飞 运-12 支线客机
34,波音B-29“超级空中堡垒”,波音B-29“超级空中堡垒”
35,波音B-17单翼重型轰炸机,波音B-17单翼重型轰炸机
36,P-59“空中彗星”战斗机,P-59“空中彗星”战斗机
37,波音X-45A/C 无人驾驶作战飞机 ,波音X-45A/C 无人驾驶作战飞机 
38,埃隆卡O-58“蚱蜢”轻型观察机,埃隆卡O-58“蚱蜢”轻型观察机
39,贝尔HTL/HUL/H-13通用直升机,贝尔HTL/HUL/H-13通用直升机
40,比奇T-34“导师”教练机,比奇T-34“导师”教练机
41,T-34C“涡轮导师”,T-34C“涡轮导师”
42,洛克希德C-69“星座”运输机,洛克希德C-69“星座”运输机
43,P-51A,P-51A
44,UH-1“易洛魁人”通用直升机,UH-1“易洛魁人”通用直升机
45,波音AH-64双座双发攻击直升机,波音AH-64双座双发攻击直升机
46,F/A-18E/F/G“超级大黄蜂”舰载攻击/战斗机,F/A-18E/F/G“超级大黄蜂”舰载攻击/战斗机
47,贝尔HSL四座单发ASW直升机,贝尔HSL四座单发ASW直升机
48,C/UC-12“休伦,C/UC-12“休伦
49,T-1A“苍鹰”,T-1A“苍鹰”
50,AT-7/11/C-45和JRB/SNB单翼轻型运输机／教练机,AT-7/11/C-45和JRB/SNB单翼轻型运输机／教练机
51,比奇T-42“科奇斯”,比奇T-42“科奇斯”
name:ID,aircraft,:LABEL
1,歼-20战斗机,歼-20战斗机
2,直-10 ,直-10 
3,F-35“闪电II”,F-35“闪电II”
4,苏-30/苏-33“侧卫” 制空战斗机和对地攻击机,苏-30/苏-33“侧卫” 制空战斗机和对地攻击机
5,西飞轰-6中型轰炸机,西飞轰-6中型轰炸机
6,三菱支线喷气客机,三菱支线喷气客机
7,苏霍伊“超级喷机-100”支线客机,苏霍伊“超级喷机-100”支线客机
8,波音777双发涡轮风扇远程客机,波音777双发涡轮风扇远程客机
101,歼-20战斗机,歼-20战斗机
101,歼-20战斗机,歼-20战斗机
102,直-10 ,直-10 
103,F-35“闪电II”,F-35“闪电II”
104,苏-30/苏-33“侧卫” 制空战斗机和对地攻击机,苏-30/苏-33“侧卫” 制空战斗机和对地攻击机
105,西飞轰-6中型轰炸机,西飞轰-6中型轰炸机
106,三菱支线喷气客机,三菱支线喷气客机
107,苏霍伊“超级喷机-100”支线客机,苏霍伊“超级喷机-100”支线客机
108,波音777双发涡轮风扇远程客机,波音777双发涡轮风扇远程客机
109,歼-16战机,歼-16战机
110,图-154MD电子战飞机	,图-154MD电子战飞机	
111,运-20,运-20
112,P-3“猎户座” 海上巡逻和反潜战飞机,P-3“猎户座” 海上巡逻和反潜战飞机
113,运-8J海上警戒机,运-8J海上警戒机
114,教练-8/K-8“喀喇昆仑山”,教练-8/K-8“喀喇昆仑山”
115,“新舟”60涡桨支线飞机	,“新舟”60涡桨支线飞机	
116,波音787宽体客机,波音787宽体客机
117,P-8“海神”反潜巡逻机,P-8“海神”反潜巡逻机
118,歼-31战斗机,歼-31战斗机
119,直-9,直-9
120,FC-1“枭龙”/JF-17“雷电”多用途攻击机,FC-1“枭龙”/JF-17“雷电”多用途攻击机
121,LCA战斗机,LCA战斗机
122,苏-27战斗机,苏-27战斗机
123,40F双座水上教练机	,40F双座水上教练机	
124,贝尔OH-58侦察直升机,贝尔OH-58侦察直升机
125,39-A双翼飞机,39-A双翼飞机
126,H-53E“超级种马/海龙”重型多功能直升机,H-53E“超级种马/海龙”重型多功能直升机
127,F-16“战隼”,F-16“战隼”
128,麦克唐纳F-15E“打击鹰” 双座双发打击战斗机,麦克唐纳F-15E“打击鹰” 双座双发打击战斗机
129,A3D/A-3“空中战士”,A3D/A-3“空中战士”
130,米-171直升机,米-171直升机
131,F-15鹰式战斗机,F-15鹰式战斗机
132,中航工业哈飞 运-12 支线客机,中航工业哈飞 运-12 支线客机
133,波音B-29“超级空中堡垒”,波音B-29“超级空中堡垒”
134,波音B-17单翼重型轰炸机,波音B-17单翼重型轰炸机
135,P-59“空中彗星”战斗机,P-59“空中彗星”战斗机
136,波音X-45A/C 无人驾驶作战飞机 ,波音X-45A/C 无人驾驶作战飞机 
137,埃隆卡O-58“蚱蜢”轻型观察机,埃隆卡O-58“蚱蜢”轻型观察机
138,贝尔HTL/HUL/H-13通用直升机,贝尔HTL/HUL/H-13通用直升机
139,比奇T-34“导师”教练机,比奇T-34“导师”教练机
140,T-34C“涡轮导师”,T-34C“涡轮导师”
141,洛克希德C-69“星座”运输机,洛克希德C-69“星座”运输机
142,P-51A,P-51A
143,UH-1“易洛魁人”通用直升机,UH-1“易洛魁人”通用直升机
144,波音AH-64双座双发攻击直升机,波音AH-64双座双发攻击直升机
145,F/A-18E/F/G“超级大黄蜂”舰载攻击/战斗机,F/A-18E/F/G“超级大黄蜂”舰载攻击/战斗机
146,贝尔HSL四座单发ASW直升机,贝尔HSL四座单发ASW直升机
147,C/UC-12“休伦,C/UC-12“休伦
148,T-1A“苍鹰”,T-1A“苍鹰”
149,AT-7/11/C-45和JRB/SNB单翼轻型运输机／教练机,AT-7/11/C-45和JRB/SNB单翼轻型运输机／教练机
150,比奇T-42“科奇斯”,比奇T-42“科奇斯”
151,“蚊蚋-750” 无人驾驶飞行器,“蚊蚋-750” 无人驾驶飞行器
152,P-39“空中眼镜蛇”,P-39“空中眼镜蛇”
153,贝尔P-63“眼镜蛇王”单翼战斗机,贝尔P-63“眼镜蛇王”单翼战斗机
154,勃德RB-1“大篷车”单翼运输机,勃德RB-1“大篷车”单翼运输机
155,U-21“犹他人”和T-44“飞马”,U-21“犹他人”和T-44“飞马”
156,意大利A129 武装直升机,意大利A129 武装直升机
157,RQ-4“全球鹰” 无人驾驶飞行器,RQ-4“全球鹰” 无人驾驶飞行器
158,波音V-22 “鱼鹰”倾斜式旋翼运输机,波音V-22 “鱼鹰”倾斜式旋翼运输机
159,RQ-3“暗星” 无人驾驶飞行器,RQ-3“暗星” 无人驾驶飞行器
160,RQ/MQ-9“捕食者B” 无人驾驶飞行器,RQ/MQ-9“捕食者B” 无人驾驶飞行器
161,B/RB-47“同温层喷射”,B/RB-47“同温层喷射”
162,贝尔UH-1Y 和 AH-1Z 双发战地直升机,贝尔UH-1Y 和 AH-1Z 双发战地直升机
163,RQ/MQ-1“捕食者A” 无人驾驶飞行器,RQ/MQ-1“捕食者A” 无人驾驶飞行器
164,贝尔AH-1 双座攻击直升机,贝尔AH-1 双座攻击直升机
165,PT/NS“西点军校生”双翼教练机,PT/NS“西点军校生”双翼教练机
166,“鹰”200轻型多用途战斗机,“鹰”200轻型多用途战斗机
167,A-1“推进者”,A-1“推进者”
168,波音B-9单翼轰炸机,波音B-9单翼轰炸机
169,AMX攻击战斗机,AMX攻击战斗机
170,波音C型	,波音C型	
171,X-47“飞马”战术无人驾驶作战飞机,X-47“飞马”战术无人驾驶作战飞机
172,波音H-47 双发多功能通用运输机,波音H-47 双发多功能通用运输机
173,YC-43“旅行家”联络机,YC-43“旅行家”联络机
174,C/KC-97“同温层货船/同温层油船”,C/KC-97“同温层货船/同温层油船”
175, RQ-8“火力侦察兵”, RQ-8“火力侦察兵”
176,波音H-46 双发多功能通用直升机,波音H-46 双发多功能通用直升机
177,寇蒂斯HS系列,寇蒂斯HS系列
178,XP-26“玩具枪”单座单翼战斗机,XP-26“玩具枪”单座单翼战斗机
179,寇蒂斯R系列	鱼雷轰炸机,寇蒂斯R系列	鱼雷轰炸机
180,波音PW-9单座单发双翼战斗机,波音PW-9单座单发双翼战斗机
181,JN-4“詹尼”,JN-4“詹尼”
182,法国航宇公司SA 313/315 通用直升机,法国航宇公司SA 313/315 通用直升机
183,英国航宇 FRS.51喷气式战斗攻击机,英国航宇 FRS.51喷气式战斗攻击机
184,“F飞船”,“F飞船”
185,EH101 “灰背隼”多用途直升机,EH101 “灰背隼”多用途直升机
186,波音F2B-1战斗机,波音F2B-1战斗机
187,贝尔 214通用直升机,贝尔 214通用直升机
188,SE 5a/E战斗机,SE 5a/E战斗机
189,歼-7型战斗机,歼-7型战斗机
190,柏林纳-乔伊斯OJ-2侦察机,柏林纳-乔伊斯OJ-2侦察机
191,寇蒂斯H-12/16,寇蒂斯H-12/16
192,TA-1单翼运输机,TA-1单翼运输机
193,SA330“美洲豹”双发中型多用途运输直升机,SA330“美洲豹”双发中型多用途运输直升机
194,波音FB-1,波音FB-1
195,SA 321 “超黄蜂”重型运输直升机,SA 321 “超黄蜂”重型运输直升机
196,NB-1双座双翼初级教练机,NB-1双座双翼初级教练机
197,EMB-312 “巨嘴鸟”教练机,EMB-312 “巨嘴鸟”教练机
198,图-22M“逆火 MRA轰炸机和电子战飞机,图-22M“逆火 MRA轰炸机和电子战飞机
199,ALH“北极星”多用途通用直升机,ALH“北极星”多用途通用直升机
200,苏-32/苏-33U/苏-34“后卫”远程战斗机/攻击机,苏-32/苏-33U/苏-34“后卫”远程战斗机/攻击机
201,“幻影”Ⅲ/5/50喷气战斗机,“幻影”Ⅲ/5/50喷气战斗机
202,AS 532“美洲狮”中型运输直升机,AS 532“美洲狮”中型运输直升机
203,T-45“苍鹰”中级/高级喷气教练机,T-45“苍鹰”中级/高级喷气教练机
204,歼-10战斗机,歼-10战斗机
205,阿古斯塔A-109轻型通用直升机,阿古斯塔A-109轻型通用直升机
206,波音F4B-1战斗机,波音F4B-1战斗机
207,SA 341/42“小羚羊”轻型多用途直升机,SA 341/42“小羚羊”轻型多用途直升机
208,“幻影”2000D/N攻击机,“幻影”2000D/N攻击机
209,雅克-130 高级教练机,雅克-130 高级教练机
210,卡-25“激素”海军型直升机,卡-25“激素”海军型直升机
211,T67 “萤火虫”基础教练机,T67 “萤火虫”基础教练机
212,AS 565“黑豹”通用直升机,AS 565“黑豹”通用直升机
213,图-160“海盗旗” 远程轰炸机,图-160“海盗旗” 远程轰炸机
214,“幻影”2000防空／多用途战斗机,“幻影”2000防空／多用途战斗机
215,米格-AT 高级教练机,米格-AT 高级教练机
216,AS 665“虎”式多用途战斗直升机,AS 665“虎”式多用途战斗直升机
217,图-95/图-142“熊” 远程轰炸机和海上侦察攻击机,图-95/图-142“熊” 远程轰炸机和海上侦察攻击机
218,AS 550/555“松鼠”/“小狐”轻型通用直升机,AS 550/555“松鼠”/“小狐”轻型通用直升机
219,幻影F1战斗机,幻影F1战斗机
220,F9F战斗机,F9F战斗机
221,C-130/KC-130/EC-130“大力神”运输机 ,C-130/KC-130/EC-130“大力神”运输机 
222,EF2000“台风”战斗机,EF2000“台风”战斗机
223,“堪培拉” 轰炸机/入侵飞机/侦察机,“堪培拉” 轰炸机/入侵飞机/侦察机
224,超级军旗攻击机,超级军旗攻击机
225,EMB-314M（A-29）“超巨嘴鸟” ,EMB-314M（A-29）“超巨嘴鸟” 
226,初教-6A基础教练机,初教-6A基础教练机
227,阵风战斗机,阵风战斗机
228,SOKO G-4“超海鸥” 喷气式武装教练机,SOKO G-4“超海鸥” 喷气式武装教练机
229,SH-2G“超海妖”轻型机载多用途直升机,SH-2G“超海妖”轻型机载多用途直升机
230,沃特(N-G)A-7“海盗Ⅱ”,沃特(N-G)A-7“海盗Ⅱ”
231,卡-27/-28/-32舰载反潜直升机,卡-27/-28/-32舰载反潜直升机
232,F-14“雄猫”战斗机,F-14“雄猫”战斗机
233,F-94“星火”战斗机,F-94“星火”战斗机
234,F-80/TO/TV“流星”喷射战斗机,F-80/TO/TV“流星”喷射战斗机
235,A-6“入侵者”攻击机,A-6“入侵者”攻击机
236,C-21优先空运飞机／医疗救助飞机,C-21优先空运飞机／医疗救助飞机
237,UF-1/2和U-16“信天翁”反潜机,UF-1/2和U-16“信天翁”反潜机
238,AU-24“公马”攻击机	,AU-24“公马”攻击机	
239,洛克希德-马丁C-130J“大力神” 95座四发战术运输机,洛克希德-马丁C-130J“大力神” 95座四发战术运输机
240,AF-2“守护者”反潜机,AF-2“守护者”反潜机
241,C-2“灰狗”运输机,C-2“灰狗”运输机
242,F9F-9“美洲狮”轰炸机,F9F-9“美洲狮”轰炸机
243,F8F“熊猫”战斗轰炸机,F8F“熊猫”战斗轰炸机
244,F-117“夜鹰”,F-117“夜鹰”
245,EA-6A/B“徘徊者”,EA-6A/B“徘徊者”
246,F4D/F-6“天光”战斗机,F4D/F-6“天光”战斗机
247,C-123“供应者”,C-123“供应者”
248,洛克希德F-104“星战斗机”,洛克希德F-104“星战斗机”
249,P2V/P-2“海王星”	,P2V/P-2“海王星”	
250,A-10“雷电II”,A-10“雷电II”
251,C-82“邮船”和C-119/R4Q“飞行车厢”,C-82“邮船”和C-119/R4Q“飞行车厢”
252,T2V/T-1“海星”	,T2V/T-1“海星”	
253,"F11F/F-11'“虎""","F11F/F-11'“虎"""
254,C-141“举重星” ,C-141“举重星” 
255,F/FB/EF-111战斗轰炸机,F/FB/EF-111战斗轰炸机
256,S2F/S-2“追踪者”,S2F/S-2“追踪者”
257,C-140“喷气星”,C-140“喷气星”
258,C-5“银河”,C-5“银河”
259,U-2/TR-1 单座单发侦察机,U-2/TR-1 单座单发侦察机
260,TC/VC-4“湾流I”	,TC/VC-4“湾流I”	
261,C-124“环球霸王”,C-124“环球霸王”
262,OV-1“莫霍克”,OV-1“莫霍克”
263,C-11/20/37”湾流“	,C-11/20/37”湾流“	
264,C-133“货运霸王”,C-133“货运霸王”
265,T-33/TV-2 ,T-33/TV-2 
266,F3D/F-10“空中骑士”,F3D/F-10“空中骑士”
267,C-69/C-121“星座“/”预警星”	,C-69/C-121“星座“/”预警星”	
268,AJ/A-2“野人”	,AJ/A-2“野人”	
269,P5M/P-5“枪鱼”海上运输飞艇,P5M/P-5“枪鱼”海上运输飞艇
270,F/RF-101E“魔术师”,F/RF-101E“魔术师”
271,KC-10“补充者”,KC-10“补充者”
272,北美T-28 “特洛伊人/游牧民”,北美T-28 “特洛伊人/游牧民”
273,F3H/F-3“恶魔”,F3H/F-3“恶魔”
274,AM“拳师”攻击机,AM“拳师”攻击机
275,B-57“堪培拉”,B-57“堪培拉”
276,F2H/F-2“女妖”,F2H/F-2“女妖”
277,F-100“超佩刀” 战斗轰炸机,F-100“超佩刀” 战斗轰炸机
278,F/A-18A-D“大黄蜂”,F/A-18A-D“大黄蜂”
279,FD/FH“鬼怪”,FD/FH“鬼怪”
280,T-38“禽爪” 高级教练机,T-38“禽爪” 高级教练机
281,F-82“双野马”,F-82“双野马”
282,OV-10“野马” 空中前进控制机/近距离空中支援机,OV-10“野马” 空中前进控制机/近距离空中支援机
283,B-45“龙卷风”	,B-45“龙卷风”	
284,T-2“橡树” 教练机,T-2“橡树” 教练机
285,F-22“猛禽”战斗机,F-22“猛禽”战斗机
286,F-15A-D“鹰”,F-15A-D“鹰”
287,JRM“火星”海上运输飞艇,JRM“火星”海上运输飞艇
288,A-5/RA-5“民团团员” 轰炸机/侦察机,A-5/RA-5“民团团员” 轰炸机/侦察机
289,F/RF/86A-H “佩刀”,F/RF/86A-H “佩刀”
290,F-4“鬼怪Ⅱ”,F-4“鬼怪Ⅱ”
291,L-17/U-18“纳维翁” 联络机/通用机,L-17/U-18“纳维翁” 联络机/通用机
292,YO-3A侦察机,YO-3A侦察机
293,F-89“蝎子”,F-89“蝎子”
294,F7U“弯刀”,F7U“弯刀”
295,T-39 “佩刀客”	,T-39 “佩刀客”	
296,SBD“无畏式”,SBD“无畏式”
297,PBY“卡特琳娜”,PBY“卡特琳娜”
298,C-9“空中列车Ⅱ/南丁格尔”,C-9“空中列车Ⅱ/南丁格尔”
299,P4M“莫卡托”,P4M“莫卡托”
300,YC-125“袭击者” 运输/搜救机,YC-125“袭击者” 运输/搜救机
301,R6D-8/C-118“举重霸王”,R6D-8/C-118“举重霸王”
302,F-86D/K/L “佩刀猛犬”,F-86D/K/L “佩刀猛犬”
303,F8U/F-8“十字军战士”	,F8U/F-8“十字军战士”	
304,TBY/TBU“海狼”,TBY/TBU“海狼”
305,R4D-8/C-117“海豚”,R4D-8/C-117“海豚”
306,PB4Y-2“私掠船”,PB4Y-2“私掠船”
307,F6U“海盗船”	,F6U“海盗船”	
308,F-5A/B“自由战士,F-5A/B“自由战士
309,P-40 “战鹰/小鹰”,P-40 “战鹰/小鹰”
310,FR“火球”,FR“火球”
311,SR-71侦察机,SR-71侦察机
312,B-2“幽灵” 战略轰炸机,B-2“幽灵” 战略轰炸机
313,S-3“维京”反潜机,S-3“维京”反潜机
314,AT-9,AT-9
315,T-6A“德克萨斯人II”,T-6A“德克萨斯人II”
316,PQ-14/TD2C-1,PQ-14/TD2C-1
317,PB2Y“科罗娜多”,PB2Y“科罗娜多”
318,SC“海鹰”,SC“海鹰”
319,AT-8/17/UC-78“短尾猫”,AT-8/17/UC-78“短尾猫”
320,C-46 “突击队员”,C-46 “突击队员”
321,B-32“统治者”,B-32“统治者”
322,F-5E“虎II”,F-5E“虎II”
323,BTD “毁灭者”,BTD “毁灭者”
324,B-1B“枪骑兵”,B-1B“枪骑兵”
325,A-20“浩劫”,A-20“浩劫”
326,F-105“雷公”战斗轰炸机,F-105“雷公”战斗轰炸机
327,B-24“解放者”	,B-24“解放者”	
328,F/RF-84F“雷电”,F/RF-84F“雷电”
329,C-47/R4D 运输机,C-47/R4D 运输机
330,P-40“战斧”,P-40“战斧”
331,F-84“雷电喷气”,F-84“雷电喷气”
332,BC/AT-6/SNJ“德克萨斯人”,BC/AT-6/SNJ“德克萨斯人”
333,B-26/JM“劫掠者”	,B-26/JM“劫掠者”	
334,P-61“黑寡妇”战斗机,P-61“黑寡妇”战斗机
335,P-51D/K“野马”,P-51D/K“野马”
336,PBM“水手”,PBM“水手”
337,P-38“闪电”,P-38“闪电”
338,B-34/37和PV“文图拉”/“捕鲸叉” ,B-34/37和PV“文图拉”/“捕鲸叉” 
339,P-51B/C“野马”,P-51B/C“野马”
340,UC-61“百眼巨人”,UC-61“百眼巨人”
341,F6F“泼妇”,F6F“泼妇”
342,B-25/PBJ“米切尔”,B-25/PBJ“米切尔”
343,C-22,C-22
344,O2U“海盗”,O2U“海盗”
345,UC-81/AT-19“信赖”,UC-81/AT-19“信赖”
346,B/KB-50“超级堡垒”,B/KB-50“超级堡垒”
347,U-17“空中马车”,U-17“空中马车”
348,A-28／29／AT-18和PBO“郝德逊”海上巡逻轰炸机,A-28／29／AT-18和PBO“郝德逊”海上巡逻轰炸机
349,TBF/TBM“复仇者”,TBF/TBM“复仇者”
350,OA-14/J4F“野鸭”,OA-14/J4F“野鸭”
351,F4F/FM“野猫”战斗机,F4F/FM“野猫”战斗机
352,P-47“雷电”战斗机,P-47“雷电”战斗机
353,F7F“虎猫”战斗机,F7F“虎猫”战斗机
354,B-58“盗贼”,B-58“盗贼”
355,BT-13/15和SNV-1/2“勇士”,BT-13/15和SNV-1/2“勇士”
356,E-4/VC-25	,E-4/VC-25	
357,O-49/L-1“警戒”观察机,O-49/L-1“警戒”观察机
358,B-36“和平卫士”	,B-36“和平卫士”	
359,R3Y“信风”,R3Y“信风”
360,C-17“环球霸王Ⅲ”,C-17“环球霸王Ⅲ”
361,C/EC/KC-135,C/EC/KC-135
362,T-47/UC-35“奖状”	,T-47/UC-35“奖状”	
363,T-41“梅斯卡勒罗人”,T-41“梅斯卡勒罗人”
364,AD/A-1“空中袭击者”,AD/A-1“空中袭击者”
365,L-13,L-13
366,T-29/R4Y/C-131	,T-29/R4Y/C-131	
367,L-27/U-3	,L-27/U-3	
368,F4U/FG-1“海盗”,F4U/FG-1“海盗”
369,O-2“超级空中霸主”	,O-2“超级空中霸主”	
370,F-106“三角标枪”截击机,F-106“三角标枪”截击机
371,F-102“三角剑”截击战斗机,F-102“三角剑”截击战斗机
372,O-57/L-2“蚱蜢”,O-57/L-2“蚱蜢”
373,L-19/O-1“飞狗”,L-19/O-1“飞狗”
374,PT-19/23/26“康奈尔”,PT-19/23/26“康奈尔”
375,P-35A,P-35A
376,UC-70和GH/NH“夜莺”,UC-70和GH/NH“夜莺”
377,B-66“破坏者”,B-66“破坏者”
378,A-31/35“复仇者”,A-31/35“复仇者”
379,A4D和A/TA-4“天鹰”,A4D和A/TA-4“天鹰”
380,T-37“鸣叫”和A/QA-37“龙蝇” ,T-37“鸣叫”和A/QA-37“龙蝇” 
381,T/CT-43和T-40“快船”,T/CT-43和T-40“快船”
382,NA-50/-68和P-64,NA-50/-68和P-64
383,JRS-1/OA-8通用运输机,JRS-1/OA-8通用运输机
384,格鲁曼FF/SF,格鲁曼FF/SF
385,BT-9/14和NJ-1,BT-9/14和NJ-1
386,MB-2/NBS-1	,MB-2/NBS-1	
387,PS/RA/C-6,PS/RA/C-6
388,朗宁OA/OL	,朗宁OA/OL	
389,海军飞机制造厂N3N ,海军飞机制造厂N3N 
390,福特JR/RR/C系列,福特JR/RR/C系列
391,PT-16/20/21/22和NR-1“补充兵”,PT-16/20/21/22和NR-1“补充兵”
392,B-23“龙”,B-23“龙”
393,B-10/12/14	,B-10/12/14	
394,A-17/A-33,A-17/A-33
395,O-47,O-47
396,JRF“鹅式”,JRF“鹅式”
397,NP,NP
398,马丁BM,马丁BM
399,米-14“烟雾”反潜直升机,米-14“烟雾”反潜直升机
400,苏-24“击剑手”战斗轰炸机,苏-24“击剑手”战斗轰炸机
401,道格拉斯R-3D,道格拉斯R-3D
402,AT-12“卫兵”,AT-12“卫兵”
403,大湖BG-1,大湖BG-1
404,霍尔PH,霍尔PH
405,诺思罗普BT,诺思罗普BT
406,L-4“蚱蜢”	观察机,L-4“蚱蜢”	观察机
407,A129“猫鼬”,A129“猫鼬”
408,AH-2A“石茶隼”,AH-2A“石茶隼”
409,ASN-105,ASN-105
410,苏-35/苏-37“侧卫-E”  全天候防空战斗机,苏-35/苏-37“侧卫-E”  全天候防空战斗机
411,米-24/-25/-35“雌鹿” 攻击/突击直升机,米-24/-25/-35“雌鹿” 攻击/突击直升机
412,米格-29“支点”战斗机,米格-29“支点”战斗机
413,米-8多用途直升机,米-8多用途直升机
414,沃多霍迪L-39/L-139/L-59/L-159高级喷气教练机和轻型攻击机,沃多霍迪L-39/L-139/L-59/L-159高级喷气教练机和轻型攻击机
415,米-28“浩劫”,米-28“浩劫”
416,SA341/342“小羚羊”,SA341/342“小羚羊”
417,长虹-1,长虹-1
418,歼-7系列战斗机,歼-7系列战斗机
419,歼-6系列战斗机,歼-6系列战斗机
420,空警200型早期预警机,空警200型早期预警机
421,初教-6,初教-6
422,初教-5,初教-5
423,歼-5战斗机,歼-5战斗机
424,翼龙无人机,翼龙无人机
425,长空-1无人机,长空-1无人机
426,教练-11（K-8）,教练-11（K-8）
427,歼教-7型,歼教-7型
428,ZDK-03型预警机,ZDK-03型预警机
429,歼-8系列战斗机,歼-8系列战斗机
430,安-30,安-30
431,S-70 黑鹰 ,S-70 黑鹰 
432,直-9反舰型,直-9反舰型
433,L15“猎鹰”,L15“猎鹰”
434,JL9“山鹰”教练机,JL9“山鹰”教练机
435,Q-5J强击教练机,Q-5J强击教练机
436,轰运教7,轰运教7
437,直-9通信型,直-9通信型
438,直-9A,直-9A
439,米-17,米-17
440,直-9炮兵校射型,直-9炮兵校射型
441,米-17-V5,米-17-V5
442,米-17-V7 ,米-17-V7 
443,直-9WA,直-9WA
444,直-9C,直-9C
445,直-9海监型,直-9海监型
446,直-9G ,直-9G 
447,新舟600,新舟600
448,直-9B,直-9B
449,直9警用型直升机,直9警用型直升机
450,直-9F武警专用型,直-9F武警专用型
451,直-8A,直-8A
452,直-8,直-8
453,直-15,直-15
454,直-11,直-11
455,直-5,直-5
456,卡-31,卡-31
457,卡-28,卡-28
458,运-12F轻型多用途飞机,运-12F轻型多用途飞机
459,运-12IV型飞机,运-12IV型飞机
460,运-12II型飞机,运-12II型飞机
461,直-8F,直-8F
462,运-12E型运输机,运-12E型运输机
463,直-19,直-19
464,ARJ21支线飞机,ARJ21支线飞机
465,C-919大型客机,C-919大型客机
466,米-26“光环”双发涡轮重型直升机,米-26“光环”双发涡轮重型直升机
467,米6,米6
468,运-8H,运-8H
469,延安二号,延安二号
470,SA321,SA321
471,HC120,HC120
472,AC313,AC313
473,SA341/342 小羚羊,SA341/342 小羚羊
474,SA319云雀III型,SA319云雀III型
475,运-5,运-5
476,神经元（NEURON）无人战斗机 ,神经元（NEURON）无人战斗机 
477,“雷神”无人战斗机,“雷神”无人战斗机
478,FW-190“百舌鸟”战斗机,FW-190“百舌鸟”战斗机
479,空中客车A300中程客机,空中客车A300中程客机
480,ME-109战斗机,ME-109战斗机
481,歼-15战斗机,歼-15战斗机
482,苏-25改进型/苏-25TM/苏-39,苏-25改进型/苏-25TM/苏-39
483,T-50战斗机,T-50战斗机
484,卡-60轻型直升机,卡-60轻型直升机
485,AH-6“小鸟”直升机,AH-6“小鸟”直升机
486,E-2鹰眼预警机,E-2鹰眼预警机
487,米格-25战斗机,米格-25战斗机
488,歼-7B/M型 战斗机,歼-7B/M型 战斗机
489,C-295中程预警机,C-295中程预警机
490,X-47B无人机,X-47B无人机
491,SR-72高超音速无人侦察机 ,SR-72高超音速无人侦察机 
492,CN-235双发涡轮螺旋桨短程客机,CN-235双发涡轮螺旋桨短程客机
493,空中客车A321,空中客车A321
494,空中客车A320,空中客车A320
495,ATR 72双发涡轮螺旋桨短程支线客机,ATR 72双发涡轮螺旋桨短程支线客机
496,波音747-300/400四发涡轮风扇远程客机,波音747-300/400四发涡轮风扇远程客机
497,空中客车A319双发中/短程客机,空中客车A319双发中/短程客机
498,波音747-100/200/SP,波音747-100/200/SP
499,伊留申设计局伊尔-114双发涡桨短程支线客机,伊留申设计局伊尔-114双发涡桨短程支线客机
500,空中客车A318,空中客车A318
501,空中客车A310中程客机,空中客车A310中程客机
502,波音737-600/700/800/900（波音737新世代）中短程窄体喷气式飞机,波音737-600/700/800/900（波音737新世代）中短程窄体喷气式飞机
503,KC-767空中加油机,KC-767空中加油机
504,空中客车A380远程宽体客机,空中客车A380远程宽体客机
505,空中客车A340远程客机,空中客车A340远程客机
506,MD-11三发涡轮风扇中程客机,MD-11三发涡轮风扇中程客机
507,BAe ATP双发涡轮螺旋桨短程支线客机,BAe ATP双发涡轮螺旋桨短程支线客机
508,安-140双发涡轮螺旋桨短程客机,安-140双发涡轮螺旋桨短程客机
509,空中客车A330,空中客车A330
510,波音767双发涡轮风扇中程客机,波音767双发涡轮风扇中程客机
511,安-24“焦炭”双发涡轮螺旋桨短程客机,安-24“焦炭”双发涡轮螺旋桨短程客机
512,ATR 42双发涡轮螺旋桨短程支线客机,ATR 42双发涡轮螺旋桨短程支线客机
513,波音757双发涡轮风扇中程客机,波音757双发涡轮风扇中程客机
514,安东诺夫设计局 安-74-300战术运输机,安东诺夫设计局 安-74-300战术运输机
515,伊尔-76“耿直”四发涡轮风扇中远程运输机,伊尔-76“耿直”四发涡轮风扇中远程运输机
516,DC-3达科塔/C-47高空列车多用途运输机,DC-3达科塔/C-47高空列车多用途运输机
517,道格拉斯DC-4四发活塞式中程客机,道格拉斯DC-4四发活塞式中程客机
518,伊尔-86小船坞四发涡轮风扇中程客机,伊尔-86小船坞四发涡轮风扇中程客机
519,安-72/74“煤矿人”,安-72/74“煤矿人”
520,麦道DC-8“SuperSixty” 四发涡轮风扇远程客机,麦道DC-8“SuperSixty” 四发涡轮风扇远程客机
521,麦道DC-9双发涡轮风扇中短程客机,麦道DC-9双发涡轮风扇中短程客机
522,康维尔580双发涡轮螺旋桨短程运输机,康维尔580双发涡轮螺旋桨短程运输机
523,MD-90双发涡轮风扇短程客机,MD-90双发涡轮风扇短程客机
524,BAeJetsteam 41双发涡轮螺旋桨短程通勤飞机,BAeJetsteam 41双发涡轮螺旋桨短程通勤飞机
525,MD-80双发涡轮风扇短程客机,MD-80双发涡轮风扇短程客机
526,仙童多尼尔328JET双发涡轮风扇支线客机,仙童多尼尔328JET双发涡轮风扇支线客机
527,伊尔-96四发涡轮风扇远程客机,伊尔-96四发涡轮风扇远程客机
528,BAe（BAC）1-11短程客机,BAe（BAC）1-11短程客机
529,麦道DC-8(美国) 四发中远程客机,麦道DC-8(美国) 四发中远程客机
530,F28伙伴双发涡轮风扇支线客机,F28伙伴双发涡轮风扇支线客机
531,麦道DC-10三发涡轮风扇中远程客机,麦道DC-10三发涡轮风扇中远程客机
532,安东诺夫设计局 安-148 短程客机,安东诺夫设计局 安-148 短程客机
533,Dash7(加拿大) 四发涡轮螺旋桨短距起降短程客机,Dash7(加拿大) 四发涡轮螺旋桨短距起降短程客机
534,福克70/100双发涡轮风扇短程支线客机,福克70/100双发涡轮风扇短程支线客机
535,安东诺夫设计局 安-124“秃鹰”特大型运输机,安东诺夫设计局 安-124“秃鹰”特大型运输机
536,伊尔-62/文豪四发涡轮风扇远程客机,伊尔-62/文豪四发涡轮风扇远程客机
537,Dash8(加拿大) 双发涡轮螺旋桨短程支线客机,Dash8(加拿大) 双发涡轮螺旋桨短程支线客机
538,Jetstream31双发涡轮螺旋桨短程通勤飞机,Jetstream31双发涡轮螺旋桨短程通勤飞机
539,洛克希德L1011“三星”三发涡轮风扇中程客机,洛克希德L1011“三星”三发涡轮风扇中程客机
540,CRJ700/900双发涡轮风扇支线客机,CRJ700/900双发涡轮风扇支线客机
541,SATIC超级运输机“大白鲸”,SATIC超级运输机“大白鲸”
542,图-204/214双发涡轮风扇中程客机,图-204/214双发涡轮风扇中程客机
543,ERJ 135/140/145双发涡轮风扇支线客机,ERJ 135/140/145双发涡轮风扇支线客机
544, 图-134“硬壳”双发涡轮风扇短程客机, 图-134“硬壳”双发涡轮风扇短程客机
545,雅克-42“猛击”三发涡轮风扇中短程客机,雅克-42“猛击”三发涡轮风扇中短程客机
546,BAe146/Avro RJ四发涡扇短程支线飞机,BAe146/Avro RJ四发涡扇短程支线飞机
547,ERJ170/175/190/195双发涡轮风扇支线客机,ERJ170/175/190/195双发涡轮风扇支线客机
548,雅克-40“幼鳕”三发涡轮风扇短程支线喷气机,雅克-40“幼鳕”三发涡轮风扇短程支线喷气机
549,图-334双发涡轮风扇中短程支线喷气机,图-334双发涡轮风扇中短程支线喷气机
550,福克F27“友谊”双发涡桨短程客机,福克F27“友谊”双发涡桨短程客机
551,EMB-110先锋双发涡轮螺旋桨短程通勤客机,EMB-110先锋双发涡轮螺旋桨短程通勤客机
552,EMB-120巴西利亚双发涡轮螺旋桨短程通勤客机,EMB-120巴西利亚双发涡轮螺旋桨短程通勤客机
553,F-27/FH-227双发涡轮螺旋桨短程客机,F-27/FH-227双发涡轮螺旋桨短程客机
554,波音-737-300／400／500双发涡扇短程客机,波音-737-300／400／500双发涡扇短程客机
555,波音-737双发涡扇短程客机,波音-737双发涡扇短程客机
556,Metro双发涡轮螺旋桨短程通勤飞机,Metro双发涡轮螺旋桨短程通勤飞机
557,波音727三发涡扇短程客机,波音727三发涡扇短程客机
558,波音-717双发涡扇短程客机,波音-717双发涡扇短程客机
559,比奇 99双发涡轮螺旋桨短程通勤飞机,比奇 99双发涡轮螺旋桨短程通勤飞机
560,CRJ100/200双发涡轮风扇支线客机,CRJ100/200双发涡轮风扇支线客机
561,波音707中远程客机,波音707中远程客机
562,亚当A700 AdamJet双发涡轮风扇轻型公务机,亚当A700 AdamJet双发涡轮风扇轻型公务机
563,萨博2000双发涡桨中短程支线客机,萨博2000双发涡桨中短程支线客机
564, 萨博340双发涡桨短程支线客机, 萨博340双发涡桨短程支线客机
565,SN601“轻巡洋舰” 双发涡轮风扇轻型行政专机,SN601“轻巡洋舰” 双发涡轮风扇轻型行政专机
566,NAMC  YS-11双发涡桨短程支线客机,NAMC  YS-11双发涡桨短程支线客机
567,BAe 125双发涡轮喷气式/涡轮风扇轻型公务机,BAe 125双发涡轮喷气式/涡轮风扇轻型公务机
568,洛克希德L188 Electra四发涡桨中短程客机,洛克希德L188 Electra四发涡桨中短程客机
569,伊尔-18“黑鸭”四发涡桨中程客机,伊尔-18“黑鸭”四发涡桨中程客机
570,福克50／60双发涡旋桨短程客机,福克50／60双发涡旋桨短程客机
571,仙童 多尼尔328双发涡桨短程支线客机,仙童 多尼尔328双发涡桨短程支线客机
572,DC-6/C-118/举重霸王四发活塞式中程客机,DC-6/C-118/举重霸王四发活塞式中程客机
573,SocataTBM700/850单发涡轮轻型多用途飞机,SocataTBM700/850单发涡轮轻型多用途飞机
574,安东诺夫设计局安-12 “幼狐” 四发涡桨货机,安东诺夫设计局安-12 “幼狐” 四发涡桨货机
575,安东诺夫设计局 安-2 “小马” 单发活塞式通用飞机,安东诺夫设计局 安-2 “小马” 单发活塞式通用飞机
576,SC.7“高空货车”双发涡轮螺旋桨轻型短距起降飞机,SC.7“高空货车”双发涡轮螺旋桨轻型短距起降飞机
577,SM-92Finist单发活塞式轻型短距起降飞机,SM-92Finist单发活塞式轻型短距起降飞机
578,Aeroprogress/ROKS-Aero T-101Grach通用飞机,Aeroprogress/ROKS-Aero T-101Grach通用飞机
579,霍克800/900双发涡轮风扇中型公务机,霍克800/900双发涡轮风扇中型公务机
580,P68“观察者”双发活塞式轻型通用飞机,P68“观察者”双发活塞式轻型通用飞机
581,中航工业西飞运-7（新舟60）涡桨支线客机,中航工业西飞运-7（新舟60）涡桨支线客机
582,肖特360 双发涡桨短程支线客机,肖特360 双发涡桨短程支线客机
583,亚当A500双发涡桨轻型公务飞机,亚当A500双发涡桨轻型公务飞机
584,肖特330双发涡桨短程支线客机,肖特330双发涡桨短程支线客机
585,安-28双发涡轮螺旋桨通用及通勤飞机,安-28双发涡轮螺旋桨通用及通勤飞机
586,塞斯纳560XL“奖状优胜”/“奖状XLS” 双发涡轮风扇中型公务机,塞斯纳560XL“奖状优胜”/“奖状XLS” 双发涡轮风扇中型公务机
587,比奇65 “空中女王”双发活塞式轻型通用飞机,比奇65 “空中女王”双发活塞式轻型通用飞机
588,Quest “科迪亚克”单发涡轮轻型短距起降通用飞机,Quest “科迪亚克”单发涡轮轻型短距起降通用飞机
589,塞斯纳650“奖状”III／Ⅵ／Ⅶ 双发涡轮风扇中型公务机,塞斯纳650“奖状”III／Ⅵ／Ⅶ 双发涡轮风扇中型公务机
590,比奇18轻型通用运输机,比奇18轻型通用运输机
591,塞斯纳680“君主”双发涡轮风扇中型公务机,塞斯纳680“君主”双发涡轮风扇中型公务机
592,F406“大篷车”Ⅱ双发涡轮螺旋桨轻型多用途飞机,F406“大篷车”Ⅱ双发涡轮螺旋桨轻型多用途飞机
593,阿斯特拉G100/G150双发涡轮风扇中型公务机,阿斯特拉G100/G150双发涡轮风扇中型公务机
594,罗克韦尔(Aero Commander)“指挥官”500／560/580双发活塞式轻型企业专机／通用飞机,罗克韦尔(Aero Commander)“指挥官”500／560/580双发活塞式轻型企业专机／通用飞机
595, 安东诺夫设计局 安-38 双发涡桨通用飞机, 安东诺夫设计局 安-38 双发涡桨通用飞机
596,L100“大力神”四发涡轮螺旋桨运输机,L100“大力神”四发涡轮螺旋桨运输机
597,布里顿-诺曼 BN-2A MkⅢ “三岛人” 三发活塞式轻型飞机,布里顿-诺曼 BN-2A MkⅢ “三岛人” 三发活塞式轻型飞机
598,塞斯纳750“奖状”X双发涡轮风扇远程中型公务机,塞斯纳750“奖状”X双发涡轮风扇远程中型公务机
599,太平洋宇航750XL单发涡轮螺旋桨轻型通用飞机,太平洋宇航750XL单发涡轮螺旋桨轻型通用飞机
600,塞斯纳550“奖状”Ⅱ/“喝彩”双发涡轮风扇中型公务机,塞斯纳550“奖状”Ⅱ/“喝彩”双发涡轮风扇中型公务机
601,PC-6“搬运工”／涡轮“搬运工”单发活塞式／涡轮螺旋桨轻型短距起降飞机,PC-6“搬运工”／涡轮“搬运工”单发活塞式／涡轮螺旋桨轻型短距起降飞机
602,布里顿-诺曼 BN-2A“海岛人”双发轻型飞机,布里顿-诺曼 BN-2A“海岛人”双发轻型飞机
603,庞巴迪 Canadair 415 双发涡桨水陆两用飞机,庞巴迪 Canadair 415 双发涡桨水陆两用飞机
604,PC-12单发涡轮轻型飞机,PC-12单发涡轮轻型飞机
605,别里耶夫Be-200“牵牛星” 喷气式水陆两用飞机,别里耶夫Be-200“牵牛星” 喷气式水陆两用飞机
606,塞斯纳560“奖状”V/“超奖状”/“奖状加演”双发涡轮风扇中型公务机,塞斯纳560“奖状”V/“超奖状”/“奖状加演”双发涡轮风扇中型公务机
607,别里耶夫Be-103双发涡桨水陆两用飞机,别里耶夫Be-103双发涡桨水陆两用飞机
608,L-410 Turbolet双发涡轮螺旋桨短程通勤和通用飞机,L-410 Turbolet双发涡轮螺旋桨短程通勤和通用飞机
609,GAF“牧民”双发涡桨轻型短距起降飞机,GAF“牧民”双发涡桨轻型短距起降飞机
610,多尼尔228双发涡桨轻型通用飞机,多尼尔228双发涡桨轻型通用飞机
611,德·哈维兰DHC-6“双水獭”双发涡桨轻型飞机,德·哈维兰DHC-6“双水獭”双发涡桨轻型飞机
612,德·哈维兰DHC-3“水獭”活塞式轻型短距起降飞机,德·哈维兰DHC-3“水獭”活塞式轻型短距起降飞机
613,德·哈维兰DHC-2“海狸”单发活塞式轻型短距起降飞机,德·哈维兰DHC-2“海狸”单发活塞式轻型短距起降飞机
614,塞斯纳500“奖状”Ⅰ双发涡桨中型公务机,塞斯纳500“奖状”Ⅰ双发涡桨中型公务机
615,塞斯纳208“大篷车”单发涡桨轻型飞机,塞斯纳208“大篷车”单发涡桨轻型飞机
616,三菱MU-2双发涡轮螺旋桨短距起降通用及公务飞机,三菱MU-2双发涡轮螺旋桨短距起降通用及公务飞机
617,塞斯纳510“野马”双发涡轮风扇甚轻型公务机,塞斯纳510“野马”双发涡轮风扇甚轻型公务机
618,CASA C-212 Aviocar 双发涡桨轻型飞机,CASA C-212 Aviocar 双发涡桨轻型飞机
619,塞斯纳525CitationJet 双发涡轮风扇小型公务机,塞斯纳525CitationJet 双发涡轮风扇小型公务机
620,塞斯纳401/402/411双发活塞式公务机和通勤客机,塞斯纳401/402/411双发活塞式公务机和通勤客机
621,“猎鹰”50三发涡轮风扇远程公务机,“猎鹰”50三发涡轮风扇远程公务机
622,以色列飞机工业公司“阿拉瓦”双发涡桨轻型短距起降飞机,以色列飞机工业公司“阿拉瓦”双发涡桨轻型短距起降飞机
623,塞斯纳404“校长” 双发活塞式公务机,塞斯纳404“校长” 双发活塞式公务机
624,塞斯纳404“巨人”双发活塞式公务机和通勤客机,塞斯纳404“巨人”双发活塞式公务机和通勤客机
625,塞斯纳421“金鹰”双发活塞式公务机,塞斯纳421“金鹰”双发活塞式公务机
626,Helio“信使” 单发轻型短距起降飞机,Helio“信使” 单发轻型短距起降飞机
627,塞斯纳425“海盗”／“征服”l双发涡桨公务机,塞斯纳425“海盗”／“征服”l双发涡桨公务机
628,塞斯纳441“征服”Ⅱ双发涡桨公务机,塞斯纳441“征服”Ⅱ双发涡桨公务机
629,Grob SPn双发涡扇轻型公务机,Grob SPn双发涡扇轻型公务机
630,Ae 270“幽灵”单发涡轮螺旋桨轻型飞机,Ae 270“幽灵”单发涡轮螺旋桨轻型飞机
631,吉普斯兰GA8“空中货车”单发活塞式轻型飞机,吉普斯兰GA8“空中货车”单发活塞式轻型飞机
632,达索“猎鹰”2000双发涡轮风扇远程宽体公务机,达索“猎鹰”2000双发涡轮风扇远程宽体公务机
633,比奇“空中国王”200/300双发涡桨轻型公务机和多用途运输机,比奇“空中国王”200/300双发涡桨轻型公务机和多用途运输机
634,达索“猎鹰”900三发涡轮风扇远程公务机,达索“猎鹰”900三发涡轮风扇远程公务机
635,比奇“空中国王”350双发涡桨公务机,比奇“空中国王”350双发涡桨公务机
636,比奇390“首相”Ⅰ双发涡轮风扇轻型公务机,比奇390“首相”Ⅰ双发涡轮风扇轻型公务机
637,EMB-121“新谷”双发涡轮螺旋桨企业运输机,EMB-121“新谷”双发涡轮螺旋桨企业运输机
638,BD-100“挑战者”300双发涡轮风扇超级中型公务机,BD-100“挑战者”300双发涡轮风扇超级中型公务机
639,BD-700“全球快车双发涡轮风扇远程公务机,BD-700“全球快车双发涡轮风扇远程公务机
640,达索“猎鹰”10/100双发涡轮风扇小型公务机,达索“猎鹰”10/100双发涡轮风扇小型公务机
641,CL -600“挑战者”双发涡轮风扇中型公务机,CL -600“挑战者”双发涡轮风扇中型公务机
642,达索“猎鹰”20/200 双发涡轮风扇企业及通用飞机,达索“猎鹰”20/200 双发涡轮风扇企业及通用飞机
643,Learjet 23双发涡喷轻型公务机,Learjet 23双发涡喷轻型公务机
644,“西风”双发中型公务机,“西风”双发中型公务机
645,霍克4000双发涡轮风扇中型公务机,霍克4000双发涡轮风扇中型公务机
646,霍克1000双发涡轮风扇远程中型公务机,霍克1000双发涡轮风扇远程中型公务机
647,霍克400双发涡轮风扇喷气式公务机和军用教练机,霍克400双发涡轮风扇喷气式公务机和军用教练机
648,银河G200双发涡轮风扇超级中型公务机,银河G200双发涡轮风扇超级中型公务机
649,格鲁曼G-159“湾流”Ⅰ双发涡轮螺旋桨行政运输机,格鲁曼G-159“湾流”Ⅰ双发涡轮螺旋桨行政运输机
650,G-1159“湾流”Ⅱ/Ⅲ双发涡轮风扇大型远程公务机,G-1159“湾流”Ⅱ/Ⅲ双发涡轮风扇大型远程公务机
651,“湾流”IV/G300／G350／G400／G450 双发涡轮风扇大型远程公务机,“湾流”IV/G300／G350／G400／G450 双发涡轮风扇大型远程公务机
652,比奇“空中国王”90/100双发涡桨公务机,比奇“空中国王”90/100双发涡桨公务机
653,达索“猎鹰”7X三发涡轮风扇大座舱公务机,达索“猎鹰”7X三发涡轮风扇大座舱公务机
654,Learjet45双发涡扇中型公务机,Learjet45双发涡扇中型公务机
655,Piper PA-32“切诺基·六”/“长矛”/“萨拉托加”单发活塞式轻型旅行飞机/公务机,Piper PA-32“切诺基·六”/“长矛”/“萨拉托加”单发活塞式轻型旅行飞机/公务机
656,Piper PA-34“塞内卡人” 双发活塞式轻型飞机,Piper PA-34“塞内卡人” 双发活塞式轻型飞机
657,Learjet 35双发涡扇特殊用途飞机,Learjet 35双发涡扇特殊用途飞机
658,Piper PA-44“塞米诺”双发活塞式轻型飞机,Piper PA-44“塞米诺”双发活塞式轻型飞机
659,PZL-104Wilga单发活塞式轻型通用飞机,PZL-104Wilga单发活塞式轻型通用飞机
660,Learjet 31双发涡扇轻型公务机,Learjet 31双发涡扇轻型公务机
661,Robin DR400“小王子”/“海豚”/“少校”/“摄政王”单发活塞式轻型旅行飞机和教练机,Robin DR400“小王子”/“海豚”/“少校”/“摄政王”单发活塞式轻型旅行飞机和教练机
662,Robin HR100“王室”/“狩猎旅行”/R.1180 Aiglon单发活塞式轻型飞机,Robin HR100“王室”/“狩猎旅行”/R.1180 Aiglon单发活塞式轻型飞机
663,AW139双发涡轮轴中型直升机,AW139双发涡轮轴中型直升机
664,洛克希德L1329 “喷气星”四发中型运输机,洛克希德L1329 “喷气星”四发中型运输机
665,Piper PA-23“阿帕奇”/“阿兹特克”双发活塞式轻型飞机,Piper PA-23“阿帕奇”/“阿兹特克”双发活塞式轻型飞机
666,A119“树袋熊” 单发涡轮轻型直升机,A119“树袋熊” 单发涡轮轻型直升机
667,PA-24“科曼奇”单发活塞式轻型飞机,PA-24“科曼奇”单发活塞式轻型飞机
668,Piper PA-28“切诺基”(单发活塞式轻型旅行飞机,Piper PA-28“切诺基”(单发活塞式轻型旅行飞机
669,SA 315B“拉玛”单发涡轮轴通用直升机,SA 315B“拉玛”单发涡轮轴通用直升机
670,Learjet 55双发涡扇中型公务机,Learjet 55双发涡扇中型公务机
671,Piper PA-28R“切诺基·箭” 单发活塞式轻型旅行飞机,Piper PA-28R“切诺基·箭” 单发活塞式轻型旅行飞机
672,SocataTB“坦皮科”/“多巴哥”/“特立尼达”单发活塞式轻型旅行飞机,SocataTB“坦皮科”/“多巴哥”/“特立尼达”单发活塞式轻型旅行飞机
673,Piper PA-30/39“双科曼奇”双发活塞式轻型飞机,Piper PA-30/39“双科曼奇”双发活塞式轻型飞机
674,Piper PA-3 1T“夏安人”双发活塞式公务机,Piper PA-3 1T“夏安人”双发活塞式公务机
675,Piper PA-31“纳瓦霍人”双发活塞式公务机,Piper PA-31“纳瓦霍人”双发活塞式公务机
676,Mooney M.20A/G“突击队员”/“丛林”/“行政”/“大师”/“政治家”单发活塞式轻型旅行飞机,Mooney M.20A/G“突击队员”/“丛林”/“行政”/“大师”/“政治家”单发活塞式轻型旅行飞机
677,亚乔P.180“阿凡提” 双发涡桨高速运输机,亚乔P.180“阿凡提” 双发涡桨高速运输机
678,贝尔206L“远程突击队员” 单发涡轮轻型直升机,贝尔206L“远程突击队员” 单发涡轮轻型直升机
679,Lancair/哥伦比亚飞机公司 哥伦比亚单发活塞式轻型旅行飞机和教练机,Lancair/哥伦比亚飞机公司 哥伦比亚单发活塞式轻型旅行飞机和教练机
680,Piper PA-42“夏安人”Ⅲ双发涡桨公务机,Piper PA-42“夏安人”Ⅲ双发涡桨公务机
681,Maule M-4/M-77M9“火箭”/“彗星“/“猎户座”单发活塞式轻型短距起降飞机,Maule M-4/M-77M9“火箭”/“彗星“/“猎户座”单发活塞式轻型短距起降飞机
682,贝尔206“喷气突击队员”单发涡轮轻型直升机,贝尔206“喷气突击队员”单发涡轮轻型直升机
683,莱特L-200“摩拉瓦河”双发活塞式轻型旅行飞机/公务机,莱特L-200“摩拉瓦河”双发活塞式轻型旅行飞机/公务机
684,贝尔47单发活塞式通用直升机,贝尔47单发活塞式通用直升机
685,Mooney M.20J/S快板/加演/喝彩/鹰/大喝彩单发活塞式轻型旅行飞机,Mooney M.20J/S快板/加演/喝彩/鹰/大喝彩单发活塞式轻型旅行飞机
686,AB95单发活塞式轻型飞机,AB95单发活塞式轻型飞机
687,富士FA-200“航空斯巴鲁”单发活塞式轻型旅行飞机,富士FA-200“航空斯巴鲁”单发活塞式轻型旅行飞机
688,Sino Swearingen SJ30 双发涡扇轻型公务机,Sino Swearingen SJ30 双发涡扇轻型公务机
689,贝尔230双发涡轮中型直升机,贝尔230双发涡轮中型直升机
690,AA-5“旅行者”/“印度豹”/“虎”单发活塞式轻型旅行飞机,AA-5“旅行者”/“印度豹”/“虎”单发活塞式轻型旅行飞机
691,GA-7“美洲狮”双发活塞式轻型旅行飞机,GA-7“美洲狮”双发活塞式轻型旅行飞机
692,伊尔-103单发活塞式四座轻型飞机,伊尔-103单发活塞式四座轻型飞机
693,罗克韦尔“佩刀客机”双发行政专机,罗克韦尔“佩刀客机”双发行政专机
694,贝尔222双发涡轮轴中型直升机,贝尔222双发涡轮轴中型直升机
695,Piper（泰德·史密斯）600 Aerostar双发活塞式轻型公务机,Piper（泰德·史密斯）600 Aerostar双发活塞式轻型公务机
696,Lake LA-4“海盗”/“背叛者”/“海狼”/“海怒” 单发活塞式轻型水陆两用飞机,Lake LA-4“海盗”/“背叛者”/“海狼”/“海怒” 单发活塞式轻型水陆两用飞机
697,Piper PA-46 “马利布·幻影”双发轻型公务机,Piper PA-46 “马利布·幻影”双发轻型公务机
698,恩斯特龙F28/280单发活塞式轻型通用直升机,恩斯特龙F28/280单发活塞式轻型通用直升机
699,钻石DA40“钻石之星” 涡轮增压柴油发动机四座轻型旅行飞机/通用飞机,钻石DA40“钻石之星” 涡轮增压柴油发动机四座轻型旅行飞机/通用飞机
700,勃兰特利B-2B单发活塞式轻型通用直升机,勃兰特利B-2B单发活塞式轻型通用直升机
701,比奇33Debonair“富源”单发活塞式轻型飞机,比奇33Debonair“富源”单发活塞式轻型飞机
702,贝尔430双发涡轮轴中型直升机,贝尔430双发涡轮轴中型直升机
703,钻石DA42“双子星”轻型旅行飞机/通用飞机,钻石DA42“双子星”轻型旅行飞机/通用飞机
704,比奇23Musketeer单发活塞式轻型飞机,比奇23Musketeer单发活塞式轻型飞机
705,贝尔427/429 双发涡轮轴轻型直升机,贝尔427/429 双发涡轮轴轻型直升机
706,Extra EA-400/EA-S00单发活塞式轻型旅行飞机/公务机,Extra EA-400/EA-S00单发活塞式轻型旅行飞机/公务机
707,贝尔412双发涡轮轴中型直升机,贝尔412双发涡轮轴中型直升机
708,贝尔407单发涡轮轻型直升机,贝尔407单发涡轮轻型直升机
709,AS 332“超美洲豹”双发涡轮中型直升机,AS 332“超美洲豹”双发涡轮中型直升机
710, EC155 双发涡轮轴中型直升机, EC155 双发涡轮轴中型直升机
711,比奇55“男爵”双发活塞式轻型飞机,比奇55“男爵”双发活塞式轻型飞机
712,塞斯纳336“高空霸主”/337“超级高空霸主”双发活塞式轻型企业飞机/通用飞机,塞斯纳336“高空霸主”/337“超级高空霸主”双发活塞式轻型企业飞机/通用飞机
713, EC 135 双发涡轮轻型直升机, EC 135 双发涡轮轻型直升机
714,EC130 单发涡轮轴轻型直升机,EC130 单发涡轮轴轻型直升机
715,EC120“蜂鸟”单发涡轮轴轻型直升机,EC120“蜂鸟”单发涡轮轴轻型直升机
716,比奇T36“涡轮富源单发活塞式轻型飞机,比奇T36“涡轮富源单发活塞式轻型飞机
717,塞斯纳335/340双发活塞式企业飞机,塞斯纳335/340双发活塞式企业飞机
718,恩斯特龙480单发涡轮轴轻型直升机,恩斯特龙480单发涡轮轴轻型直升机
719,西锐SR20/SR22单发活塞式轻型个人飞机/公务机,西锐SR20/SR22单发活塞式轻型个人飞机/公务机
720,比奇V35“富源”单发活塞式轻型飞机,比奇V35“富源”单发活塞式轻型飞机
721,塞斯纳177“北美红雀”单发活塞式轻型飞机,塞斯纳177“北美红雀”单发活塞式轻型飞机
722,塞斯纳172“天鹰”单发活塞式轻型飞机,塞斯纳172“天鹰”单发活塞式轻型飞机
723,BK 117/EC 145 双发涡轮轴中型直升机,BK 117/EC 145 双发涡轮轴中型直升机
724,塞斯纳T303“十字军战士”双发活塞式轻型企业飞机,塞斯纳T303“十字军战士”双发活塞式轻型企业飞机
725,BO 105双发涡轮轴轻型直升机,BO 105双发涡轮轴轻型直升机
726,AS 365“海豚” 双发涡轮轴中型直升机,AS 365“海豚” 双发涡轮轴中型直升机
727,AS 355“松鼠”Ⅱ双发涡轮轴轻型直升机,AS 355“松鼠”Ⅱ双发涡轮轴轻型直升机
728,比奇76“公爵夫人”双发活塞式轻型飞机,比奇76“公爵夫人”双发活塞式轻型飞机
729,AS 350 “松鼠/单星”单发涡轮轴轻型直升机,AS 350 “松鼠/单星”单发涡轮轴轻型直升机
730,塞斯纳310/320“高空骑士”双发活塞式轻型飞机,塞斯纳310/320“高空骑士”双发活塞式轻型飞机
731,比奇60“公爵”双发活塞式轻型旅行飞机,比奇60“公爵”双发活塞式轻型旅行飞机
732,TB-30 Epsilon基础教练机,TB-30 Epsilon基础教练机
733,卡曼K-MAX单发涡轮外挂起重直升机,卡曼K-MAX单发涡轮外挂起重直升机
734,卡-26/126“恶棍”双发活塞式轻型直升机,卡-26/126“恶棍”双发活塞式轻型直升机
735,喀山飞机制造厂安萨特双发涡轴轻型通用直升机,喀山飞机制造厂安萨特双发涡轴轻型通用直升机
736,卡-32“蜗牛-C”双发涡轮中型直升机,卡-32“蜗牛-C”双发涡轮中型直升机
737,卡-226“谢尔盖”双发涡轮轻型直升机,卡-226“谢尔盖”双发涡轮轻型直升机
738,塞斯纳182“高空走廊”单发活塞式轻型飞机,塞斯纳182“高空走廊”单发活塞式轻型飞机
739,塞斯纳180“ 高空马车”单发活塞式轻型通用飞机,塞斯纳180“ 高空马车”单发活塞式轻型通用飞机
740,塞斯纳210“百夫长”单发活塞式轻型通用飞机,塞斯纳210“百夫长”单发活塞式轻型通用飞机
741,PC-9“高级涡轮教练”涡轮螺旋桨高级教练机,PC-9“高级涡轮教练”涡轮螺旋桨高级教练机
742,MD 600N单发涡轮轻型直升机,MD 600N单发涡轮轻型直升机
743,波音737 AEW＆C空中预警和控制飞机,波音737 AEW＆C空中预警和控制飞机
744,PC-7“涡轮教练”基础教练机,PC-7“涡轮教练”基础教练机
745,麦道直升机公司MD 520N单发涡轮轴轻型直升机,麦道直升机公司MD 520N单发涡轮轴轻型直升机
746,CN-235M 运输机/海上巡逻机MPA,CN-235M 运输机/海上巡逻机MPA
747,PC-21涡轮螺旋桨高级教练机,PC-21涡轮螺旋桨高级教练机
748,MD 500单发涡轮轻型直升机,MD 500单发涡轮轻型直升机
749,T-6“德克萨斯人”Ⅱ高级涡轮螺旋桨教练机,T-6“德克萨斯人”Ⅱ高级涡轮螺旋桨教练机
750,空中客车A310MRTT空中加油机/运输机,空中客车A310MRTT空中加油机/运输机
751,萨博105(Sk 60)基础/高级喷气教练机/轻型攻击机和侦察机,萨博105(Sk 60)基础/高级喷气教练机/轻型攻击机和侦察机
752,E-3“望楼”AWACS空中预警和控制飞机,E-3“望楼”AWACS空中预警和控制飞机
753,E-6B“水星”TACAMOⅡ 通信中继飞机,E-6B“水星”TACAMOⅡ 通信中继飞机
754,罗宾逊 R22单发活塞式轻型直升机,罗宾逊 R22单发活塞式轻型直升机
755,PZL斯威德尼克SW一4 Maluch单发涡轮轻型直升机,PZL斯威德尼克SW一4 Maluch单发涡轮轻型直升机
756,DHC-5“水牛”全天候短距起降运输机,DHC-5“水牛”全天候短距起降运输机
757,米里设计局  米-34“蜂鸟”单发轻型直升机,米里设计局  米-34“蜂鸟”单发轻型直升机
758,C-27J“斯巴达人”战术运输机,C-27J“斯巴达人”战术运输机
759,CT4“空中教练”基础教练机,CT4“空中教练”基础教练机
760,麦道直升机公司MD“探险者”双发涡轮轻型直升机,麦道直升机公司MD“探险者”双发涡轮轻型直升机
761,米里设计局 米-2 “甲兵” 双发涡轮轻型直升机,米里设计局 米-2 “甲兵” 双发涡轮轻型直升机
762,西科斯基S-58中型直升机,西科斯基S-58中型直升机
763,G222(C-27)战术运输机,G222(C-27)战术运输机
764,“阿尔法喷气”高级教练机/近距离空中支援飞机,“阿尔法喷气”高级教练机/近距离空中支援飞机
765,施韦策330单发涡轮轻型直升机,施韦策330单发涡轮轻型直升机
766,T-37 “鸣鸟”基础/高级教练机/攻击机,T-37 “鸣鸟”基础/高级教练机/攻击机
767,施韦策（休斯)300 单发活塞式轻型直升机,施韦策（休斯)300 单发活塞式轻型直升机
768,福克F27/福克50/60海上巡逻机和运输机,福克F27/福克50/60海上巡逻机和运输机
769,C-101“航空喷气”基础/高级教练机/攻击机,C-101“航空喷气”基础/高级教练机/攻击机
770,E-767 AWACS/KC-767加油机AWACS和加油机,E-767 AWACS/KC-767加油机AWACS和加油机
771,EMB-145（R-99）监视飞机,EMB-145（R-99）监视飞机
772,“斗牛犬”120初级教练机,“斗牛犬”120初级教练机
773,罗宾逊 R44单发活塞式轻型直升机,罗宾逊 R44单发活塞式轻型直升机
774,HJT-16“光线”基础/高级喷气教练机,HJT-16“光线”基础/高级喷气教练机
775,W-3“斯拉夫”多用途直升机,W-3“斯拉夫”多用途直升机
776,西科斯基S-76 双发涡轮中型直升机,西科斯基S-76 双发涡轮中型直升机
777,伊尔-38“山楂花”海上巡逻机和反潜飞机,伊尔-38“山楂花”海上巡逻机和反潜飞机
778,西科斯基S-64“高空吊车”双发涡轮重型起重直升机,西科斯基S-64“高空吊车”双发涡轮重型起重直升机
779,S-2T“跟踪者” 海上巡逻机＆反潜飞机,S-2T“跟踪者” 海上巡逻机＆反潜飞机
780,IA 63/AT-63“潘帕人”基础/高级喷气教练机,IA 63/AT-63“潘帕人”基础/高级喷气教练机
781,IAI(波音)Phalcon 707预警飞机,IAI(波音)Phalcon 707预警飞机
782,西科斯基S-61双发涡轮中型直升机,西科斯基S-61双发涡轮中型直升机
783,“猎迷”MR.2/MRA.4海上巡逻机和反潜机,“猎迷”MR.2/MRA.4海上巡逻机和反潜机
784,T-35“魔鬼”基础教练机,T-35“魔鬼”基础教练机
785,KC-135“同温层油船”空中加油飞机,KC-135“同温层油船”空中加油飞机
786,洛克希德U-2S高空侦察机,洛克希德U-2S高空侦察机
787,KT-1“雄蜂”(韩国) 基础/高级教练机/攻击机,KT-1“雄蜂”(韩国) 基础/高级教练机/攻击机
788,西科斯基S-92双发涡轮中型直升机,西科斯基S-92双发涡轮中型直升机
789,S-3B“北欧海盗”舰载反潜机,S-3B“北欧海盗”舰载反潜机
790,三菱T-2高级喷气教练机,三菱T-2高级喷气教练机
791,川崎C-1A运输机,川崎C-1A运输机
792,T-50（TA-50）“金鹰”高级喷气教练机/轻型攻击机,T-50（TA-50）“金鹰”高级喷气教练机/轻型攻击机
793,M-311AleniaAermacchi 基础喷气教练机,M-311AleniaAermacchi 基础喷气教练机
794,川崎T-4中级喷气教练机,川崎T-4中级喷气教练机
795,BAE(维克斯)VC l0 C.1K＆K.3/4运输机/加油机,BAE(维克斯)VC l0 C.1K＆K.3/4运输机/加油机
796,E-8“联合星”地面监视/作战管理飞机,E-8“联合星”地面监视/作战管理飞机
797,MB-326高级教练机,MB-326高级教练机
798,E-2C“鹰眼”(美国) 空中预警和控制飞机,E-2C“鹰眼”(美国) 空中预警和控制飞机
799,C160运输机,C160运输机
800,沃多霍迪L-29“海豚”基础/高级喷气教练机,沃多霍迪L-29“海豚”基础/高级喷气教练机
801,马基（SIAI-马歇蒂）SF.260特技飞行与武器教练机,马基（SIAI-马歇蒂）SF.260特技飞行与武器教练机
802,C-12& RC-12“护栏”运输机和电子情报飞机,C-12& RC-12“护栏”运输机和电子情报飞机
803,马基（阿莱尼亚)MB-346高级喷气教练机,马基（阿莱尼亚)MB-346高级喷气教练机
804,萨博MFI-17/支持者轻型教练机/观测飞机,萨博MFI-17/支持者轻型教练机/观测飞机
805,C-130J/C-130J-30“超级大力神”运输机&特殊任务飞机,C-130J/C-130J-30“超级大力神”运输机&特殊任务飞机
806,洛克希德AT/T-33（CT-133“银星”）基础/高级喷气教练机,洛克希德AT/T-33（CT-133“银星”）基础/高级喷气教练机
807,MB-339高级教练机/轻型攻击机,MB-339高级教练机/轻型攻击机
808,NH90(法国/德国/意大利/荷兰/葡萄牙) 中型运输/海军型直升机(图示为NH 90 TTH),NH90(法国/德国/意大利/荷兰/葡萄牙) 中型运输/海军型直升机(图示为NH 90 TTH)
809,川崎OH-1 侦察/观察直升机,川崎OH-1 侦察/观察直升机
810,S-65/CH-53“海种马”突击运输直升机,S-65/CH-53“海种马”突击运输直升机
811,S-80/SH-53E “超种马”(美国) 突击和MCM直升机,S-80/SH-53E “超种马”(美国) 突击和MCM直升机
812,伊尔-76MD & 伊尔78M运输和加油机,伊尔-76MD & 伊尔78M运输和加油机
813,WS-61“海王”海军型及野战直升机,WS-61“海王”海军型及野战直升机
814,“哨兵”R.1地面监视飞机,“哨兵”R.1地面监视飞机
815,He 115水上轰炸机,He 115水上轰炸机
816,BAC(BAE)167“攻击霸主”高级喷气教练机,BAC(BAE)167“攻击霸主”高级喷气教练机
817,US-1A/US-2(日本) 搜索救援水陆两用飞机,US-1A/US-2(日本) 搜索救援水陆两用飞机
818,IAR-99“鹰”高级喷气教练机/轻型攻击机,IAR-99“鹰”高级喷气教练机/轻型攻击机
819,Do 17轰炸机,Do 17轰炸机
820,A6M2-N/二式水上战斗机,A6M2-N/二式水上战斗机
821,Bf 162轰炸机,Bf 162轰炸机
822,Ar 196水上侦察机,Ar 196水上侦察机
823,D4Y彗星舰载俯冲轰炸机,D4Y彗星舰载俯冲轰炸机
824,Ar 234闪电式轰炸机,Ar 234闪电式轰炸机
825,C6N彩云舰上侦察机,C6N彩云舰上侦察机
826,R.VI轰炸机,R.VI轰炸机
827,容克Ju 52运输机,容克Ju 52运输机
828,Ki-45屠龙/2式复座战斗机 ,Ki-45屠龙/2式复座战斗机 
829,扫描鹰（ScanEagle）无人机,扫描鹰（ScanEagle）无人机
830,卡-29/-31“蜗牛-B”海军型突击直升机,卡-29/-31“蜗牛-B”海军型突击直升机
831,Fw 200兀鹰式侦察机,Fw 200兀鹰式侦察机
832,Do 335箭式战斗机,Do 335箭式战斗机
833,Fi 167鱼雷轰炸机,Fi 167鱼雷轰炸机
834,G4M/一式陆上攻击机,G4M/一式陆上攻击机
835,Ar 68战斗机,Ar 68战斗机
836,二式飞行艇 H8K,二式飞行艇 H8K
837,Do 217轰炸机,Do 217轰炸机
838,G3M/九六式陆上攻击机,G3M/九六式陆上攻击机
839,容克斯G.38,容克斯G.38
840,A2N/90式舰上战斗机,A2N/90式舰上战斗机
841,Me 323”巨人“运输机,Me 323”巨人“运输机
842,G8N连山重轰炸机,G8N连山重轰炸机
843,Do 24水上侦察机,Do 24水上侦察机
844,九O式二号水上侦察机,九O式二号水上侦察机
845,He 111轰炸机,He 111轰炸机
846,E8N九五式水上侦察机,E8N九五式水上侦察机
847,G5N深山/13试陆基轰炸机,G5N深山/13试陆基轰炸机
848,信天翁D．Ⅲ,信天翁D．Ⅲ
849,J2M雷电局地战斗机,J2M雷电局地战斗机
850,D1A九四/九六式俯冲轰炸机,D1A九四/九六式俯冲轰炸机
851,Ju 188轰炸机,Ju 188轰炸机
852,搜索者侦察机,搜索者侦察机
853,BV 222”维京“水上飞机,BV 222”维京“水上飞机
854,J1N1/2式夜间战斗机,J1N1/2式夜间战斗机
855,J7W1震电战斗机,J7W1震电战斗机
856,Fi-156鹳式联络观测机,Fi-156鹳式联络观测机
857,Ju 88轰炸机,Ju 88轰炸机
858,92式战斗机,92式战斗机
859,Ju 290轰炸机,Ju 290轰炸机
860,Ju 87斯图卡俯冲轰炸机,Ju 87斯图卡俯冲轰炸机
861,J.I攻击机,J.I攻击机
862,He 51战斗机,He 51战斗机
863,He 70飞机,He 70飞机
864,He 219夜枭战斗机,He 219夜枭战斗机
865,Bf 108台风式飞机,Bf 108台风式飞机
866,Me 264轰炸机,Me 264轰炸机
867,Ki-49吞龙轰炸机,Ki-49吞龙轰炸机
868,1MF/10式舰上战斗机,1MF/10式舰上战斗机
869,M6A1 晴岚攻击机,M6A1 晴岚攻击机
870,斯帕德S．Ⅶ,斯帕德S．Ⅶ
871,齐柏林飞艇,齐柏林飞艇
872,ATD-X心神试验机,ATD-X心神试验机
873,J5N天雷双发重型战斗机,J5N天雷双发重型战斗机
874,Me-262战斗机,Me-262战斗机
875,NE-12B橘花攻击机,NE-12B橘花攻击机
876,N1K4-J紫电改三二型试作机,N1K4-J紫电改三二型试作机
877,A1N三式舰上战斗机,A1N三式舰上战斗机
878, N1K1-J 紫电局地战斗机, N1K1-J 紫电局地战斗机
879,Ki-48/99式双发轻爆击机,Ki-48/99式双发轻爆击机
880,MXY-7樱花特别攻击机,MXY-7樱花特别攻击机
881,F-2战斗机,F-2战斗机
882,B7A流星舰上攻击机,B7A流星舰上攻击机
883,D3A“99”式舰载俯冲轰炸机,D3A“99”式舰载俯冲轰炸机
884,Q1W东海反潜机,Q1W东海反潜机
885,狂风战斗机,狂风战斗机
886,F-15J战斗机,F-15J战斗机
887,P1Y 银河轰炸机,P1Y 银河轰炸机
888,A6M零式战机,A6M零式战机
889,E13A/0式水上侦察机,E13A/0式水上侦察机
890,89式舰上攻击机,89式舰上攻击机
891,Ki-60试作战斗机,Ki-60试作战斗机
892,Ki-51/九九式袭撃机,Ki-51/九九式袭撃机
893,Ki-44钟馗/2式单座战斗机,Ki-44钟馗/2式单座战斗机
894,1MF10 七试舰上战斗机,1MF10 七试舰上战斗机
895,F-16XL战隼战斗机,F-16XL战隼战斗机
896,Ki-67飞龙/四式重爆撃机 ,Ki-67飞龙/四式重爆撃机 
897,Ki-96试作双发战斗机,Ki-96试作双发战斗机
898,雅克-38战斗机,雅克-38战斗机
899,雅克-25战斗机,雅克-25战斗机
900,“管鼻燕”式舰载战斗机,“管鼻燕”式舰载战斗机
901,Ki-21/97式重爆击机,Ki-21/97式重爆击机
902,Ki-10/95式战斗机,Ki-10/95式战斗机
903,雅克-28战斗机,雅克-28战斗机
904,P1Y2-S/极光夜间战斗机,P1Y2-S/极光夜间战斗机
905,Gloster Meteor“流星”战斗机,Gloster Meteor“流星”战斗机
906,ki-15/97式司令部侦察机,ki-15/97式司令部侦察机
907,Gamecock“斗鸡”式战斗机,Gamecock“斗鸡”式战斗机
908,九二式侦察机,九二式侦察机
909,雅克-15战斗机,雅克-15战斗机
910,F4U 海盗式战斗机,F4U 海盗式战斗机
911,喷火战斗机（Spitfire）,喷火战斗机（Spitfire）
912,AT-3高级教练/轻攻击机,AT-3高级教练/轻攻击机
913,雅克-141战斗机,雅克-141战斗机
914,Ki-32/98式俯冲轰炸机,Ki-32/98式俯冲轰炸机
915,苍穹(Westland Welkin)战斗机,苍穹(Westland Welkin)战斗机
916,Ki-30/97式俯冲轰炸机,Ki-30/97式俯冲轰炸机
917,DH98蚊式（Mosquito）轰炸机,DH98蚊式（Mosquito）轰炸机
918,狂怒(Hawker Fury)战斗机,狂怒(Hawker Fury)战斗机
919,弯刀战斗机（Scimitar）,弯刀战斗机（Scimitar）
920,BN-2 防御者小型双发预警机,BN-2 防御者小型双发预警机
921,Bristol-170运输机,Bristol-170运输机
922,CM-170轻型教练/攻击机,CM-170轻型教练/攻击机
923,XP-1海上巡逻机,XP-1海上巡逻机
924,XC-2运输机,XC-2运输机
925,TSR-2轰炸机,TSR-2轰炸机
926,T-1教练机,T-1教练机
927,阿米奥-340（Amiot-340）轰炸机,阿米奥-340（Amiot-340）轰炸机
928,CW-21战斗机,CW-21战斗机
929,暴风式(Tempest)战斗机,暴风式(Tempest)战斗机
930,JH-7/FBC-1/歼轰-7/飞豹,JH-7/FBC-1/歼轰-7/飞豹
931,哈利法克斯轰炸机,哈利法克斯轰炸机
932,横厂式水上侦察机,横厂式水上侦察机
933,巴特尔（Fairey Battle）轰炸机,巴特尔（Fairey Battle）轰炸机
934,萤火虫舰载战斗机（Fairey  Firefly）,萤火虫舰载战斗机（Fairey  Firefly）
935,阿米奥-143（Amiot-143）轰炸机,阿米奥-143（Amiot-143）轰炸机
936,E16A瑞云水上侦察机,E16A瑞云水上侦察机
937,海怒战斗机（Hawker Sea Fury）,海怒战斗机（Hawker Sea Fury）
938,阿佛罗兰卡斯特重型轰炸机,阿佛罗兰卡斯特重型轰炸机
939,“火神”轰炸机,“火神”轰炸机
940,飓风战斗机（Hurricane),飓风战斗机（Hurricane)
941,强-5/番摊（Fantan),强-5/番摊（Fantan)
942,“虎蛾”式教练机,“虎蛾”式教练机
943,骆驼战斗机（Sopwith Camel）,骆驼战斗机（Sopwith Camel）
944,PL-1介寿号初级教练机,PL-1介寿号初级教练机
945,霍莎式滑翔机,霍莎式滑翔机
946,鹰(HAWK)式教练机  ,鹰(HAWK)式教练机  
947,布里斯托“波弗特”式鱼雷轰炸机,布里斯托“波弗特”式鱼雷轰炸机
948,德哈维兰大黄蜂（Hornet）战斗机,德哈维兰大黄蜂（Hornet）战斗机
949,“海象”水上飞机,“海象”水上飞机
950,肖特斯特林（Short Stirling）轰炸机,肖特斯特林（Short Stirling）轰炸机
951,B-24“贼鸥”（Skua）式战斗轰炸机,B-24“贼鸥”（Skua）式战斗轰炸机
952,莽汉战斗机（Hotspur）,莽汉战斗机（Hotspur）
953,“布伦海姆”轻型轰炸机,“布伦海姆”轻型轰炸机
954,S-312巨嘴鸟(Tucano)	教练机,S-312巨嘴鸟(Tucano)	教练机
955,VC-10K“胜利者”加油机,VC-10K“胜利者”加油机
956,蚋式（Folland Gnat）教练/战斗机,蚋式（Folland Gnat）教练/战斗机
957,雅克-9战斗机,雅克-9战斗机
958,雅克-7战斗机,雅克-7战斗机
959,雅克-3战斗机,雅克-3战斗机
960,梭鱼式(Barracuda)鱼雷轰炸机,梭鱼式(Barracuda)鱼雷轰炸机
961,肖特S.25 桑德兰水上飞机巡逻轰炸机,肖特S.25 桑德兰水上飞机巡逻轰炸机
962,剑鱼式鱼雷轰炸机（Swordfish）,剑鱼式鱼雷轰炸机（Swordfish）
963,英俊战士（Beaufighter）重型战斗机,英俊战士（Beaufighter）重型战斗机
964,曼彻斯特（Manchester）轰炸机,曼彻斯特（Manchester）轰炸机
965,“胜利者”中程战略轰略机,“胜利者”中程战略轰略机
966,UT-1教练机,UT-1教练机
967,安-225梦想式运输机,安-225梦想式运输机
968,福克E．Ⅲ战斗机,福克E．Ⅲ战斗机
969,AC-130空中炮艇,AC-130空中炮艇
970,A-37蜻蜓式攻击机,A-37蜻蜓式攻击机
971,福克D.VII战斗机,福克D.VII战斗机
972,Dr.I战斗机,Dr.I战斗机
973,Me 410大黄蜂战斗机,Me 410大黄蜂战斗机
974,F-107终极佩刀战斗机,F-107终极佩刀战斗机
975,雅克-17战斗机,雅克-17战斗机
976,雅克-23战斗机,雅克-23战斗机
977,兹林Z-26通用飞机,兹林Z-26通用飞机
978,安-70,安-70
979,伊-16战斗机 ,伊-16战斗机 
980,Re.2000战斗机,Re.2000战斗机
981,Me 163战斗机,Me 163战斗机
982,UT-2教练机,UT-2教练机
983,Ca.4轰炸机,Ca.4轰炸机
984,米格-9,米格-9
985,Ca.3 轰炸机,Ca.3 轰炸机
986,雅克-50特技级飞机,雅克-50特技级飞机
987,伊尔-10攻击机,伊尔-10攻击机
988,雅克-32教练机,雅克-32教练机
989,CR.32-箭式战斗机,CR.32-箭式战斗机
990,兹林Z-50通用飞机,兹林Z-50通用飞机
991,雅克-55教练机,雅克-55教练机
992,Ba.27战斗机,Ba.27战斗机
993,雅克-54教练机,雅克-54教练机
994,米格-35战斗机 ,米格-35战斗机 
995,兹林Z-Xll通用飞机,兹林Z-Xll通用飞机
996,G.55-人马座战斗机,G.55-人马座战斗机
997,雅克-18教练机,雅克-18教练机
998,He 162战斗机,He 162战斗机
999,雅克-210教练机,雅克-210教练机
1000,CR.42-箭式战斗机,CR.42-箭式战斗机
1001,PZL P.1战斗机,PZL P.1战斗机
1002,雅克-200教练机,雅克-200教练机
1003,米格-31战斗机,米格-31战斗机
1004,雅克-24 运输直升机,雅克-24 运输直升机
1005,米格-17战斗机,米格-17战斗机
1006,I-153“海鸥”战斗机,I-153“海鸥”战斗机
1007,MC.205-雷电战斗机,MC.205-雷电战斗机
1008,波-2/乌-2侦察机,波-2/乌-2侦察机
1009,MC.202-雷电战斗机,MC.202-雷电战斗机
1010,米格-15战斗机,米格-15战斗机
1011,MC.200-雷电战斗机,MC.200-雷电战斗机
1012,雅克-2 轰炸机,雅克-2 轰炸机
1013,PZL P.24战斗机,PZL P.24战斗机
1014,苏-17攻击机,苏-17攻击机
1015,雅克-10通用飞机,雅克-10通用飞机
1016,苏-15战斗机,苏-15战斗机
1017,苏-37战斗机,苏-37战斗机
1018,PWS-19轰炸机,PWS-19轰炸机
1019,米格-21战斗机,米格-21战斗机
1020,米格-23战斗机,米格-23战斗机
1021,雅克-6双引擎多用途飞机,雅克-6双引擎多用途飞机
1022,PZL.46轰炸机,PZL.46轰炸机
1023,图-119轰炸机,图-119轰炸机
1024,雅克-18T,雅克-18T
1025,雅克-58,雅克-58
1026,PZL.37轰炸机,PZL.37轰炸机
1027,雅克-112,雅克-112
1028,雅克-14,雅克-14
1029,雅克-12轻型通信机,雅克-12轻型通信机
1030,苏-47金雕式战斗机,苏-47金雕式战斗机
1031,KC-100通用飞机,KC-100通用飞机
1032,塞斯纳-170通用飞机,塞斯纳-170通用飞机
1033,AV-8海鹞II式攻击机,AV-8海鹞II式攻击机
1034,La-9战斗机,La-9战斗机
1035,拉-7战斗机,拉-7战斗机
1036,I-270战斗机,I-270战斗机
1037,纽波特17战斗机,纽波特17战斗机
1038,F2A水牛战斗机,F2A水牛战斗机
1039,奖状-10商业飞机,奖状-10商业飞机
1040,幻影IV轰炸机,幻影IV轰炸机
1041,茲林Z-37通用飞机,茲林Z-37通用飞机
1042,SC-5贝尔法斯特运输机,SC-5贝尔法斯特运输机
1043,Surion直升机,Surion直升机
1044,塞斯纳天空大师通用飞机,塞斯纳天空大师通用飞机
1045,ATL-98天空开拓者运输机,ATL-98天空开拓者运输机
1046,KF-X战斗机,KF-X战斗机
1047,美洲虎攻击机,美洲虎攻击机
1048,楔尾预警机,楔尾预警机
1049,费尔康707预警机,费尔康707预警机
1050,F-15SE沉默鹰式战斗机,F-15SE沉默鹰式战斗机
1051,幻影4000战斗机,幻影4000战斗机
1052,哈比无人机,哈比无人机
1053,佩-2轻轰炸机,佩-2轻轰炸机
1054,F-21幼狮战斗机,F-21幼狮战斗机
1055,M-50野蛮人轰炸机,M-50野蛮人轰炸机
1056,苏-34/鸭嘴兽战斗轰炸机,苏-34/鸭嘴兽战斗轰炸机
1057,P-26战斗机,P-26战斗机
1058,P-43枪骑兵战斗机,P-43枪骑兵战斗机
1059,霍克II战斗机,霍克II战斗机
1060,图-2/ANT-50轰炸机,图-2/ANT-50轰炸机
1061,F-20虎鲨战斗机,F-20虎鲨战斗机
1062,苏-25攻击机,苏-25攻击机
1063,G550预警机,G550预警机
1064,SB轰炸机,SB轰炸机
1065,苏-7/装配匠-A战斗轰炸机,苏-7/装配匠-A战斗轰炸机
1066,XF-85小鬼式战斗机,XF-85小鬼式战斗机
1067,SBC俯冲轰炸机,SBC俯冲轰炸机
1068,伊尔-28战术轰炸机,伊尔-28战术轰炸机
1069,X-49试验机,X-49试验机
1070,福克F-10商业飞机,福克F-10商业飞机
1071,YF-23战斗机,YF-23战斗机
1072,F9C战斗机,F9C战斗机
1073,寇蒂斯-R3C水上飞机,寇蒂斯-R3C水上飞机
1074,XF13C战斗机,XF13C战斗机
1075,图-104/骆驼 喷气式客机,图-104/骆驼 喷气式客机
1076,CM.170教师双座双发喷气教练机,CM.170教师双座双发喷气教练机
1077,A400M运输机,A400M运输机
1078,EP-3E侦察机,EP-3E侦察机
1079,XB-70瓦尔基里轰炸机,XB-70瓦尔基里轰炸机
1080,B-18轰炸机,B-18轰炸机
1081,Saab-35龙战斗机,Saab-35龙战斗机
1082,B-1枪骑兵轰炸机,B-1枪骑兵轰炸机
1083,JAS 39鹰狮战斗机,JAS 39鹰狮战斗机
1084,X-4试验机,X-4试验机
1085,瑞典爱立眼预警机,瑞典爱立眼预警机
1086,X-7试验机,X-7试验机
1087,里尔35,里尔35
1088,EF-111A渡鸦式电子战飞机,EF-111A渡鸦式电子战飞机
1089,E-2D高级鹰眼,E-2D高级鹰眼
1090,X-15试验机,X-15试验机
1091,X-35验证机,X-35验证机
1092,X-5试验机,X-5试验机
1093,X-3验证机,X-3验证机
1094,莱格赛600公务机,莱格赛600公务机
1095,Embraer-170系列客机,Embraer-170系列客机
1096,A160T“蜂鸟”无人直升机,A160T“蜂鸟”无人直升机
1097,XF5F战斗机,XF5F战斗机
1098,YF-12战斗机,YF-12战斗机
1099,波音X-37先进技术验证机,波音X-37先进技术验证机
1100,X-47A飞马试验机,X-47A飞马试验机
1101,F-15 S/MTD试验机,F-15 S/MTD试验机
1102,EC225直升机,EC225直升机
1103,F-CK-1经国号战斗机,F-CK-1经国号战斗机
1104,MQ-9无人机,MQ-9无人机
1105,CA109直升机,CA109直升机
1106,RQ-11渡鸭无人机,RQ-11渡鸭无人机
1107,运-8,运-8
1108,空警2000型预警指挥机,空警2000型预警指挥机
1109,IDF战斗机,IDF战斗机
1110,EA-18G“咆哮者”电子战机,EA-18G“咆哮者”电子战机
